<?xml version="1.0" encoding="UTF-8"?>
<project xmlns="http://www.netbeans.org/ns/project/1">
    <type>org.netbeans.modules.web.clientproject</type>
    <configuration>
        <data xmlns="http://www.netbeans.org/ns/clientside-project/1">
            <name>smartphone</name>
        </data>
        <spellchecker-wordlist xmlns="http://www.netbeans.org/ns/spellchecker-wordlist/1">
            <word>ChienTranJP</word>
            <word>Denshi</word>
            <word>html</word>
            <word>javascripts</word>
            <word>Sundai</word>
            <word>チャンヴァンチェン</word>
        </spellchecker-wordlist>
    </configuration>
</project>
